ID,USERNAME,FIRSTNAME,LASTNAME,EMAIL,PASSWORD,PHONE,USERSTATUS
90,celfes0,Cam,Elfes,celfes0@aol.com,bxs8lBo0,887-154-4087,45
7,sdenziloe1,Shandeigh,Denziloe,sdenziloe1@mozilla.org,LCyX4YuyGdp,685-269-6595,84
97,bmaden2,Bail,Maden,bmaden2@miitbeian.gov.cn,oTHKuPGC0p,946-115-2337,57
72,mloader3,Marshal,Loader,mloader3@columbia.edu,LBZeTE,801-568-8491,68
32,cclitherow4,Cher,Clitherow,cclitherow4@narod.ru,Gm64vW,826-685-4362,90
29,vmurcott5,Valry,Murcott,vmurcott5@bluehost.com,YE5JZ6J7,254-847-2474,34
7,lwharfe6,Lonny,Wharfe,lwharfe6@jalbum.net,iMgcBjNas,409-212-2675,76
94,fhuckin7,Fran,Huckin,fhuckin7@omniture.com,onuWX4Bbq,573-685-3412,66
31,dbortolozzi8,Donavon,Bortolozzi,dbortolozzi8@virginia.edu,ru3fEx,816-883-7161,62
74,drosellini9,Dolley,Rosellini,drosellini9@sciencedirect.com,SjRfh9RcyN,861-705-0965,40
96,mmosena,Maxy,Mosen,mmosena@ameblo.jp,vboBX3qg,202-511-6898,80
60,bsmurfittb,Banky,Smurfitt,bsmurfittb@hhs.gov,BvJ4sGp2sGd,468-521-9063,36
88,agreenwellc,Alexio,Greenwell,agreenwellc@list-manage.com,Mpf3XAolW6I,908-830-9902,68
75,ameahd,Anderson,Meah,ameahd@privacy.gov.au,bDmJVkBYCd71,819-741-7734,1
36,lhairsnapee,Levin,Hairsnape,lhairsnapee@hp.com,wCZ5l4Dq5xA3,132-530-1141,24
40,growef,Glenda,Rowe,growef@free.fr,A54Bfr,114-454-0252,47
78,kmoncreifg,Kevyn,Moncreif,kmoncreifg@statcounter.com,Ciu1gdbHiid,501-164-3542,69
22,cdoorlyh,Clayborne,Doorly,cdoorlyh@squidoo.com,0msiYRXlE,192-135-2699,29
58,ccopnelli,Cale,Copnell,ccopnelli@cocolog-nifty.com,zCMNVvmd5df,383-114-1261,85
24,swillowbyj,Sissie,Willowby,swillowbyj@spiegel.de,Yor4rv7OE,510-624-1145,65
56,skellogk,Sol,Kellog,skellogk@fc2.com,K2DiV1jPV,889-792-4612,42
81,gcrootl,Gaby,Croot,gcrootl@taobao.com,rB2uxXe,623-767-9501,56
29,fbuckstonm,Francene,Buckston,fbuckstonm@forbes.com,SfhhmuIxwl,441-600-3889,16
84,hannearn,Helenka,Annear,hannearn@thetimes.co.uk,iKSUyVXYqIm,427-602-7610,19
38,mandreuttio,Mannie,Andreutti,mandreuttio@wordpress.com,FG3Ylx,607-922-2312,23
72,yweedsp,Yettie,Weeds,yweedsp@icq.com,iC5J9bPi,487-618-2303,78
20,ahardacreq,Ado,Hardacre,ahardacreq@ifeng.com,mylRQB8Vvg,832-389-3965,44
79,wslatfordr,Wade,Slatford,wslatfordr@microsoft.com,q0Wamgz1Su54,846-507-9792,77
23,jmyatts,Jemie,Myatt,jmyatts@hc360.com,uj3tmrZ,454-486-6864,47
12,aortigert,Alyss,Ortiger,aortigert@themeforest.net,65C7b9uYnN,509-484-0053,22
45,tvanschafflaeru,Tobe,Van Schafflaer,tvanschafflaeru@theatlantic.com,mmwWp3zGh,810-598-5479,57
64,jmelwallv,Jojo,Melwall,jmelwallv@springer.com,X0yuKOn4,702-742-6888,62
6,dganifordw,Dyna,Ganiford,dganifordw@auda.org.au,W8tKxfv,900-282-6031,25
89,rommundsenx,Rachel,Ommundsen,rommundsenx@slate.com,sNmHtQMvFF,603-936-9359,90
71,dsalkeldy,Demetrius,Salkeld,dsalkeldy@google.de,aNmL2mQ,917-406-4343,19
91,hscuttsz,Hobie,Scutts,hscuttsz@is.gd,Y3RVcUxGy9q,595-847-3841,19
17,hsawdon10,Harmon,Sawdon,hsawdon10@mysql.com,5eCfTS4u,345-340-7781,92
77,jdedham11,Jennee,Dedham,jdedham11@cbc.ca,iwLzS4r1W,386-111-1781,74
95,amcgiff12,Alis,McGiff,amcgiff12@smugmug.com,SHdvgsujnm,899-254-7305,56
8,fpostlewhite13,Fitzgerald,Postlewhite,fpostlewhite13@accuweather.com,8VInOe7BU2KE,870-404-4861,84
10,lpinhorn14,Lief,Pinhorn,lpinhorn14@mac.com,8ka73ax,879-104-5277,95
94,xclavering15,Ximenes,Clavering,xclavering15@weebly.com,TLgqzTSSi,121-210-9200,97
33,lcaskey16,Lishe,Caskey,lcaskey16@desdev.cn,vywgkNtrc,476-265-0080,85
92,cwafer17,Clementine,Wafer,cwafer17@auda.org.au,LazvWxeDRL,554-173-5460,66
89,gantusch18,Giordano,Antusch,gantusch18@cbc.ca,oO04mIlsOJ,597-829-2167,74
70,bboord19,Bess,Boord,bboord19@nps.gov,LvseKvf,532-215-8274,12
10,sskellern1a,Sallyanne,Skellern,sskellern1a@globo.com,1hMzI2n,154-617-5494,36
90,emorot1b,Eugenia,Morot,emorot1b@sohu.com,iZQ5yKWu,466-401-9489,38
21,wbayly1c,Wendel,Bayly,wbayly1c@umich.edu,bfenxx,898-239-2678,94
98,ecalley1d,Edie,Calley,ecalley1d@cnn.com,pczo7uCcQ,429-513-9424,45
29,thawarden1e,Torrence,Hawarden,thawarden1e@state.gov,1YQMRjurF,202-607-2352,31
2,gblandford1f,Gabbey,Blandford,gblandford1f@dot.gov,OL0obEy,617-430-3901,34
35,bstollenberg1g,Brook,Stollenberg,bstollenberg1g@mac.com,2v2qyDtRlbv,306-590-9315,98
52,akighly1h,Alyce,Kighly,akighly1h@amazonaws.com,mtYedlCg,270-974-2827,22
75,sagglione1i,Saraann,Agglione,sagglione1i@blog.com,6P2FSUbT9BGQ,131-124-5287,17
89,joke1j,Jacklyn,Oke,joke1j@twitter.com,TKhSjDO5l,287-574-5453,17
48,tduiguid1k,Tuesday,Duiguid,tduiguid1k@51.la,vX6wUiu2Jo7,157-957-3030,40
42,fhowford1l,Floris,Howford,fhowford1l@jiathis.com,M5VVR7A,793-684-8195,78
70,icree1m,Ilene,Cree,icree1m@google.ca,Y7liFZ878Bi,260-932-3873,79
2,dgiovannardi1n,Doy,Giovannardi,dgiovannardi1n@smh.com.au,B9QSp6bzSD,973-242-6394,23
57,tdesremedios1o,Thedrick,des Remedios,tdesremedios1o@addtoany.com,zWbGIi1S,551-566-6087,64
47,aadan1p,Alia,Adan,aadan1p@sogou.com,MCZE5cUGNXG,402-321-2804,46
2,cmccumesky1q,Carl,McCumesky,cmccumesky1q@php.net,HsWXQ0NQF,588-198-3781,43
71,spala1r,Seward,Pala,spala1r@mozilla.org,eyfAXmlRGO,820-595-1910,79
61,lwinman1s,Lexy,Winman,lwinman1s@istockphoto.com,HlBcyw6IL,369-465-7543,33
59,bnormant1t,Benson,Normant,bnormant1t@joomla.org,h1wJFGHL4,366-165-1186,64
98,gbreheny1u,Garland,Breheny,gbreheny1u@jigsy.com,QQGHJiDcA,903-611-8424,21
63,ccroyden1v,Cosetta,Croyden,ccroyden1v@about.me,sKmuFp,125-253-1724,6
22,vclough1w,Virginia,Clough,vclough1w@com.com,XXGwT9I0,875-103-6144,34
89,jveazey1x,Jelene,Veazey,jveazey1x@diigo.com,GYjFlH,345-312-4760,47
22,jtschirasche1y,Jerrome,Tschirasche,jtschirasche1y@people.com.cn,m9z6jrtmkE,506-502-8199,56
55,eyepiskopov1z,Eva,Yepiskopov,eyepiskopov1z@wsj.com,0W6fJKi,990-833-5678,59
75,chatherall20,Cristie,Hatherall,chatherall20@paypal.com,2Y5PLu,449-425-4783,21
62,krookesby21,Kathi,Rookesby,krookesby21@time.com,k3miXIL,516-379-7873,62
20,cchumley22,Che,Chumley,cchumley22@amazonaws.com,OtNhUPW,409-840-9891,15
66,bferrillio23,Bud,Ferrillio,bferrillio23@answers.com,kKWpjSYPUj8m,878-247-3762,89
24,mharty24,Miguel,Harty,mharty24@sogou.com,qMV361Q2G,185-951-0275,75
60,ebenduhn25,Evelyn,Benduhn,ebenduhn25@google.co.jp,lwVF6rZXih7c,121-562-5248,71
85,vkeyzman26,Valdemar,Keyzman,vkeyzman26@cbslocal.com,taSoGDPSj,945-783-2739,26
53,hshawley27,Harman,Shawley,hshawley27@php.net,yJyYAZx5gnh,611-617-7094,56
2,msabati28,Meridel,Sabati,msabati28@arizona.edu,0rERJtl5,664-995-7674,55
83,qtetsall29,Quincy,Tetsall,qtetsall29@accuweather.com,4EwPlQlEm,940-344-6770,22
15,jradmore2a,Jude,Radmore,jradmore2a@eventbrite.com,k76jo5XYIw,111-102-7616,2
95,aglascott2b,Ange,Glascott,aglascott2b@blogtalkradio.com,l9CsQa,670-804-1775,58
55,amiquelet2c,Alfredo,Miquelet,amiquelet2c@netvibes.com,21jLiu,985-922-9286,69
98,vtucknutt2d,Valaree,Tucknutt,vtucknutt2d@simplemachines.org,0QFLIO4,773-489-4980,21
28,tsnashall2e,Tabby,Snashall,tsnashall2e@barnesandnoble.com,OkNQlG,289-243-9939,95
7,cluby2f,Clywd,Luby,cluby2f@amazonaws.com,pRjmXsCKY,986-872-9242,64
73,fjobern2g,Flint,Jobern,fjobern2g@printfriendly.com,ho7KiDMjP,975-749-4755,84
54,rathy2h,Robb,Athy,rathy2h@nbcnews.com,csZ6gP3,391-702-9122,18
70,blovelock2i,Bren,Lovelock,blovelock2i@nifty.com,UzDYj1wnp,412-659-7579,66
73,dsarsons2j,Darryl,Sarsons,dsarsons2j@sitemeter.com,BdksESoYZ6,335-812-1272,64
18,gniezen2k,Geoff,Niezen,gniezen2k@artisteer.com,m7PnUK,107-780-7872,64
16,cdach2l,Clayborn,Dach,cdach2l@lycos.com,GrPSOm1eLXUR,632-322-3926,66
6,mchessum2m,Markos,Chessum,mchessum2m@linkedin.com,lu9uiuZ6,672-692-7561,7
58,kstancliffe2n,Karen,Stancliffe,kstancliffe2n@facebook.com,J86IC2DSU2,745-301-6351,31
44,vegalton2o,Vivyan,Egalton,vegalton2o@slate.com,MYPg2sJj,428-502-3281,84
5,lcaroll2p,Lyda,Caroll,lcaroll2p@meetup.com,Hj87TXf,805-533-0772,74
29,fharragin2q,Feliza,Harragin,fharragin2q@csmonitor.com,hNPfokqd,277-716-1332,81
75,kaldrick2r,Kristian,Aldrick,kaldrick2r@wikipedia.org,RQTDCb5O,489-228-8139,35